A,35203010
AA,15104010
AAL,20302010
AAN,25504060
AAOI,45201020
AAON,20102010
AAP,25504050
AAPL,45202030
AAT,60101010
AAWW,20301010
AAXN,20101010
ABBV,35201010
ABC,35102010
ABCB,40101015
ABEO,35201010
ABG,25504050
ABM,20201050
ABMD,35101010
ABT,35101010
ABTX,40101015
AC,40203010
ACA,20103010
ACAD,35201010
ACBI,40101015
ACC,60101060
ACCO,20201060
ACER,35202010
ACGL,40301040
ACHC,35102020
ACIA,45201020
ACIW,45103010
ACLS,45301010
ACM,20103010
ACN,45102010
ACNB,40101015
ACOR,35201010
ACRE,40204010
ACRS,35202010
ACRX,35202010
ACTG,20202020
ADBE,45103010
ADC,60101070
ADES,15101050
ADI,45301020
ADM,30202010
ADMA,35201010
ADMS,35201010
ADNT,25101010
ADP,45102020
ADPT,35203010
ADRO,35201010
ADS,45102020
ADSK,45103010
ADSW,20201050
ADT,20201080
ADTN,45201020
ADUS,35102015
ADVM,35201010
AEE,55103010
AEGN,20103010
AEIS,45301010
AEL,40301020
AEO,25504010
AEP,55101010
AERI,35202010
AES,55105010
AFG,40301030
AFI,20102010
AFIN,60101070
AFL,40301020
AFMD,35201010
AGCO,20106015
AGE,35201010
AGEN,35201010
AGIO,35201010
AGLE,35201010
AGM,40102010
AGNC,40204010
AGO,40301040
AGR,55101010
AGS,25301010
AGX,20103010
AGYS,45103010
AHH,60101010
AHT,60101030
AI,40204010
AIG,40301030
AIMC,20106020
AIMT,35201010
AIN,20106020
AIR,20101010
AIRG,45203015
AIT,20107010
AIV,60101060
AIZ,40301030
AJG,40301010
AJRD,20101010
AJX,40204010
AKAM,45102030
AKBA,35201010
AKCA,35201010
AKR,60101070
AKRO,35201010
AKRX,35202010
AKTS,45203015
AL,20107010
ALB,15101050
ALBO,35201010
ALCO,30202010
ALDX,35201010
ALE,55101010
ALEC,35201010
ALEX,60101010
ALG,20106010
ALGN,35101020
ALGT,20302010
ALK,20302010
ALKS,35201010
ALL,40301040
ALLE,20102010
ALLK,35201010
ALLO,35201010
ALLY,40202010
ALNY,35201010
ALOT,45202030
ALRM,45103010
ALRS,40201020
ALSN,20106010
ALTM,10102040
ALTR,45103010
ALX,60101070
ALXN,35201010
AM,10102040
AMAG,35202010
AMAL,40101015
AMAT,45301010
AMBA,45301020
AMBC,40301040
AMC,50202010
AMCX,50201020
AMD,45301020
AME,20104010
AMED,35102015
AMEH,35102015
AMG,40203010
AMGN,35201010
AMH,60101060
AMK,40203010
AMKR,45301010
AMN,35102015
AMNB,40101015
AMOT,20104010
AMP,40203010
AMPH,35202010
AMPY,10102020
AMRC,20103010
AMRS,15101050
AMRX,35202010
AMSC,20104010
AMSF,40301040
AMSWA,45103010
AMT,60101080
AMTB,40101015
AMTD,40203020
AMWD,20102010
AMZN,25502020
AN,25504050
ANAB,35201010
ANAT,40301030
ANDE,30101020
ANET,45201020
ANF,25504010
ANGO,35101010
ANH,40204010
ANIK,35201010
ANIP,35202010
ANSS,45103010
ANTM,35102030
AOBC,25202010
AON,40301010
AOS,20102010
AOSL,45301020
APA,10102020
APAM,40203010
APD,15101040
APEI,25302010
APH,45203015
APLE,60101030
APLS,35201010
APLT,35201010
APOG,20102010
APPF,45103010
APPN,45103020
APPS,45103010
APRE,35201010
APTS,60101060
APTV,25101010
APY,10101020
APYX,35101010
AQUA,20106020
AR,10102020
ARA,35102015
ARAY,35101010
ARCB,20304020
ARCH,10102050
ARD,15103010
ARDX,35201010
ARE,60101040
ARES,40203010
ARGO,40301040
ARI,40204010
ARL,60102020
ARLO,45203010
ARMK,25301040
ARNA,35201010
ARNC,15104010
AROC,10101020
AROW,40101015
ARQT,35201010
ARR,40204010
ARTNA,55104010
ARVN,35202010
ARW,45203030
ARWR,35201010
ASB,40101015
ASC,10102040
ASGN,20202010
ASH,15101050
ASIX,15101010
ASMB,35201010
ASNA,25504010
ASPS,60102040
ASRT,35202010
ASTE,20106010
AT,55105010
ATEC,35101010
ATEN,45103020
ATEX,50101010
ATGE,25302010
ATH,40301020
ATHX,35201010
ATI,15104050
ATKR,20104010
ATLO,40101015
ATNI,50101020
ATNX,35201010
ATO,55102010
ATR,15103010
ATRA,35201010
ATRC,35101010
ATRI,35101020
ATRO,20101010
ATRS,35101020
ATSG,20301010
ATUS,50201030
ATVI,50202020
AUB,40101015
AVA,55103010
AVAV,20101010
AVB,60101060
AVCO,35102015
AVD,15101030
AVGO,45301020
AVID,45202030
AVLR,45103010
AVNS,35101020
AVRO,35201010
AVT,45203030
AVTR,35203010
AVXL,35201010
AVY,15103020
AVYA,45103010
AWI,20102010
AWK,55104010
AWR,55104010
AX,40102010
AXAS,10102020
AXDX,35101010
AXE,45203030
AXGN,35101010
AXL,25101010
AXLA,35201010
AXNX,35101010
AXP,40202010
AXS,40301040
AXSM,35202010
AXTA,15101050
AXTI,45301010
AYI,20104010
AYX,45103010
AZO,25504050
AZPN,45103010
AZZ,20104020
B,20106020
BA,20101010
BAC,40101010
BAH,45102010
BANC,40101015
BAND,50101010
BANF,40101015
BANR,40101015
BATRA,50202010
BATRK,50202010
BAX,35101010
BBBY,25504060
BBCP,20103010
BBIO,35201010
BBSI,20202010
BBX,25301020
BBY,25504020
BC,25202010
BCBP,40101015
BCC,15105010
BCEI,10102020
BCEL,35201010
BCML,40101015
BCO,20201080
BCOR,40203010
BCOV,45102030
BCPC,15101050
BCRX,35201010
BDC,45203015
BDGE,40101015
BDN,60101040
BDSI,35202010
BDTX,35201010
BDX,35101010
BE,20104020
BEAM,35201010
BEAT,35102015
BECN,20107010
BELFB,45203015
BEN,40203010
BERY,15103010
BF/A,30201020
BF/B,30201020
BFAM,25302010
BFC,40101015
BFIN,40101015
BFS,60101070
BFST,40101015
BFYT,40301010
BG,30202010
BGCP,40203020
BGG,20106020
BGS,30202030
BGSF,20202010
BH,25301040
BHB,40101015
BHE,45203020
BHF,40301020
BHLB,40101015
BHR,60101030
BHVN,35201010
BIG,25503020
BIIB,35201010
BILL,45103010
BIO,35203010
BJ,30101040
BJRI,25301040
BK,40203010
BKD,35102020
BKE,25504010
BKH,55103010
BKI,45102020
BKNG,25502020
BKR,10101020
BKU,40101015
BL,45103010
BLBD,20106010
BLD,25201030
BLDR,20102010
BLFS,35101020
BLK,40203010
BLKB,45103010
BLL,15103010
BLMN,25301040
BLUE,35201010
BLX,40201040
BMCH,20107010
BMI,45203010
BMRC,40101015
BMRN,35201010
BMTC,40101015
BMY,35202010
BNED,25504040
BNFT,45103010
BOCH,40101015
BOH,40101015
BOKF,40101015
BOMN,50201010
BOOM,10101020
BOOT,25504010
BOX,45103010
BPFH,40101015
BPMC,35201010
BPOP,40101015
BPRN,40101015
BPYU,60101070
BR,45102020
BRBR,30302010
BRC,20201010
BREW,30201010
BRG,60101060
BRID,30202030
BRK/B,40201030
BRKL,40101015
BRKR,35203010
BRKS,45301010
BRO,40301010
BRP,40301010
BRT,60101060
BRX,60101070
BRY,10102020
BSET,25201020
BSGM,35101010
BSIG,40203010
BSRR,40101015
BSTC,35201010
BSVN,40101015
BSX,35101010
BTAI,35201010
BTU,10102050
BURL,25504010
BUSE,40101015
BV,20201050
BWA,25101010
BWB,40102010
BWFG,40101015
BWXT,20101010
BXC,20107010
BXG,25301020
BXMT,40204010
BXP,60101040
BXRX,35202010
BXS,40101015
BY,40101015
BYD,25301010
BYND,30202030
BYSI,35201010
BZH,25201030
C,40101010
CABA,35201010
CABO,50201030
CAC,40101015
CACC,40202010
CACI,45102010
CADE,40101015
CAG,30202030
CAH,35102010
CAI,20107010
CAKE,25301040
CAL,25504010
CALA,35201010
CALM,30202030
CALX,45201020
CAMP,45201020
CAR,20304020
CARA,35202010
CARE,40101015
CARG,50203010
CARR,20102010
CARS,50203010
CASA,45201020
CASH,40102010
CASI,35201010
CASS,45102020
CASY,30101030
CAT,20106010
CATC,40101015
CATM,45102020
CATO,25504010
CATS,35102015
CATY,40101015
CB,40301040
CBAN,40101015
CBAY,35202010
CBB,50101020
CBL,60101070
CBMG,35201010
CBNK,40101015
CBOE,40203040
CBRE,60102040
CBRL,25301040
CBSH,40101015
CBT,15101010
CBTX,40101015
CBU,40101015
CBZ,20202020
CC,15101020
CCB,40101015
CCBG,40101015
CCF,15101050
CCI,60101080
CCK,15103010
CCL,25301020
CCMP,45301010
CCNE,40101015
CCO,50201010
CCOI,50101010
CCRN,35102015
CCS,25201030
CCXI,35201010
CDAY,45103010
CDE,15104030
CDEV,10102020
CDK,45103010
CDLX,50201010
CDMO,35201010
CDNA,35201010
CDNS,45103010
CDR,60101070
CDW,45203030
CDXC,35203010
CDXS,35203010
CDZI,55104010
CE,15101050
CECE,20201050
CEIX,10102050
CELC,35201010
CELH,30201030
CENT,30301010
CENTA,30301010
CENX,15104010
CERC,35202010
CERN,35103010
CERS,35101020
CETV,50201020
CEVA,45301020
CF,15101030
CFB,40101015
CFFI,40101015
CFFN,40102010
CFG,40101015
CFMS,35101010
CFR,40101015
CFX,20106020
CGNX,45203010
CHAP,10102020
CHCO,40101015
CHCT,60101050
CHD,30301010
CHDN,25301010
CHE,35102015
CHEF,30101020
CHGG,25302010
CHH,25301020
CHK,10102020
CHMA,35202010
CHMG,40101015
CHMI,40204010
CHNG,35103010
CHRA,20201050
CHRS,35201010
CHRW,20301010
CHS,25504010
CHTR,50201030
CHUY,25301040
CI,35102015
CIA,40301020
CIEN,45201020
CIM,40204010
CINF,40301040
CIO,60101040
CIR,20106020
CIT,40101015
CIVB,40101015
CIX,20201060
CKH,10101020
CKPT,35201010
CL,30301010
CLAR,25202010
CLBK,40102010
CLCT,25302020
CLDR,45103010
CLDT,60101030
CLF,15104050
CLFD,45201020
CLGX,20202020
CLH,20201050
CLI,60101040
CLNC,40204010
CLNE,10102030
CLNY,60101010
CLPR,60101060
CLR,10102020
CLVS,35201010
CLW,15105020
CLX,30301010
CLXT,35201010
CMA,40101015
CMBM,45201020
CMC,15104050
CMCO,20106020
CMCSA,50201030
CMCT,60101040
CMD,35101010
CME,40203040
CMG,25301040
CMI,20106010
CMLS,50201020
CMO,40204010
CMP,15104020
CMPR,20201010
CMRE,20303010
CMRX,35201010
CMS,55103010
CMTL,45201020
CNA,40301040
CNBKA,40101015
CNC,35102030
CNCE,35201010
CNDT,45102020
CNK,50202010
CNMD,35101010
CNNE,40201030
CNO,40301020
CNOB,40101015
CNP,55103010
CNR,20102010
CNS,40203010
CNSL,50101020
CNST,35201010
CNTG,35201010
CNTY,25301010
CNX,10102020
CNXN,45203030
CODA,45203010
COF,40202010
COG,10102020
COHR,45203010
COHU,45301010
COKE,30201030
COLB,40101015
COLD,60101020
COLL,35202010
COLM,25203010
COMM,45201020
CONE,60101080
CONN,25504020
COO,35101020
COOP,40102010
COP,10102020
COR,60101080
CORE,25501010
CORR,60101080
CORT,35202010
COST,30101040
COTY,30302010
COUP,45103010
COWN,40203020
CPA,20302010
CPB,30202030
CPE,10102020
CPF,40101015
CPK,55102010
CPLG,60101030
CPRI,25203010
CPRT,20201070
CPRX,35201010
CPS,25101010
CPSI,35103010
CPT,60101060
CR,20106020
CRAI,20202020
CRBP,35201010
CRC,10102020
CRD/A,40301010
CREE,45301020
CRI,25203010
CRK,10102020
CRL,35203010
CRM,45103010
CRMD,35202010
CRMT,25504050
CRNC,45103010
CRNX,35201010
CROX,25203020
CRS,15104050
CRTX,35201010
CRUS,45301020
CRVL,35102015
CRY,35101010
CSCO,45201020
CSFL,40101015
CSGP,20202020
CSGS,45102020
CSII,35101010
CSL,20105010
CSLT,35103010
CSOD,45103010
CSPR,25201020
CSTE,20102010
CSTL,35201010
CSTR,40101015
CSV,25302020
CSWI,20102010
CSX,20304010
CTAS,20201070
CTB,25101020
CTBI,40101015
CTL,50101010
CTLT,35202010
CTMX,35201010
CTO,60102010
CTRA,15104050
CTRC,25203010
CTRE,60101050
CTRN,25504010
CTS,45203020
CTSH,45102010
CTSO,35101010
CTT,60101080
CTVA,15101030
CTXS,45103010
CUB,20101010
CUBE,60101080
CUBI,40101015
CUE,35201010
CULP,25203030
CURO,40202010
CUTR,35101010
CUZ,60101040
CVA,20201050
CVBF,40101015
CVCO,25201030
CVCY,40101015
CVET,35102010
CVGI,20106010
CVGW,30202030
CVI,10102030
CVIA,10101020
CVLT,45103020
CVLY,40101015
CVM,35201010
CVNA,25504050
CVS,35102015
CVTI,20304020
CVX,10102010
CW,20101010
CWCO,55104010
CWEN,55105010
CWEN/A,55105010
CWH,25504050
CWK,60102040
CWST,20201050
CWT,55104010
CXO,10102020
CXP,60101040
CXW,60101080
CYCN,35201010
CYH,35102020
CYRX,35101010
CYTK,35201010
CZNC,40101015
CZR,25301010
D,55103010
DAKT,45203010
DAL,20302010
DAN,25101010
DAR,30202010
DBD,45202030
DBI,25504010
DBX,45103010
DCI,20106020
DCO,20101010
DCOM,40101015
DCPH,35201010
DD,15101050
DDD,45202030
DDS,25503010
DE,20106015
DEA,60101040
DECK,25203020
DEI,60101040
DELL,45202030
DENN,25301040
DFIN,40203040
DFS,40202010
DG,25503020
DGICA,40301040
DGII,45201020
DGX,35102015
DHC,60101050
DHI,25201030
DHIL,40203010
DHR,35101010
DHT,10102040
DHX,50203010
DIN,25301040
DIOD,45301020
DIS,50202010
DISCA,50201020
DISCK,50201020
DISH,50201030
DJCO,50201040
DK,10102030
DKS,25504040
DLA,25203010
DLB,45203015
DLR,60101080
DLTH,25502020
DLTR,25503020
DLX,20201010
DMRC,45103010
DNKN,25301040
DNLI,35201010
DNOW,20107010
DNR,10102020
DOC,60101050
DOCU,45103010
DOMO,45103010
DOOR,20102010
DORM,25101010
DOV,20106020
DOW,15101010
DOX,45102010
DPZ,25301040
DRE,60101020
DRH,60101030
DRI,25301040
DRNA,35201010
DRQ,10101020
DS,25301030
DSKE,20304020
DSPG,45301020
DSSI,10102040
DT,45103010
DTE,55103010
DTIL,35201010
DUK,55101010
DVA,35102015
DVAX,35201010
DVN,10102020
DX,40204010
DXC,45102010
DXCM,35101010
DXPE,20107010
DY,20103010
DZSI,45201020
EA,50202020
EAF,20104010
EAT,25301040
EB,50203010
EBAY,25502020
EBF,20201010
EBIX,45103010
EBS,35201010
EBSB,40102010
EBTC,40101015
ECHO,20301010
ECL,15101050
ECOL,20201050
ECOM,45103010
ECOR,35101010
ECPG,40202010
ED,55103010
EDIT,35201010
EE,55101010
EEFT,45102020
EEX,50201010
EFC,40204010
EFSC,40101015
EFX,20202020
EGAN,45103010
EGBN,40101015
EGHT,45103010
EGLE,20303010
EGOV,45102020
EGP,60101020
EGRX,35201010
EHC,35102020
EHTH,40301010
EIDX,35201010
EIG,40301040
EIGI,45102030
EIGR,35201010
EIX,55101010
EL,30302010
ELAN,35202010
ELF,30302010
ELOX,35202010
ELS,60101060
ELVT,40202010
ELY,25202010
EME,20103010
EML,20106020
EMN,15101020
EMR,20104010
ENDP,35202010
ENOB,35201010
ENPH,45301010
ENR,30301010
ENS,20104010
ENSG,35102020
ENTA,35201010
ENTG,45301010
ENV,45103010
ENVA,40202010
ENZ,35102015
EOG,10102020
EOLS,35202010
EPAC,20106020
EPAM,45102010
EPAY,45103010
EPC,30302010
EPM,10102020
EPR,60101080
EPRT,60101010
EPZM,35201010
EQBK,40101015
EQC,60101040
EQH,40201020
EQIX,60101080
EQR,60101060
EQT,10102020
ERA,10101020
ERI,25301010
ERIE,40301040
ERII,20106020
EROS,50202010
ES,55101010
ESCA,25202010
ESE,20106020
ESGR,40301050
ESI,15101050
ESNT,40102010
ESPR,35201010
ESQ,40101015
ESRT,60101010
ESS,60101060
ESSA,40102010
ESTC,45103010
ESTE,10102020
ESXB,40101015
ETFC,40203020
ETH,25201020
ETM,50201020
ETN,20104010
ETNB,35201010
ETR,55101010
ETRN,10102040
ETSY,25502020
EV,40203010
EVBG,45103010
EVBN,40101015
EVC,50201020
EVER,50203010
EVFM,35202010
EVH,35103010
EVI,20107010
EVLO,35201010
EVOP,45102020
EVR,40203020
EVRG,55101010
EVRI,25301010
EVTC,45102020
EW,35101010
EWBC,40101015
EXAS,35201010
EXC,55101010
EXEL,35201010
EXLS,45102020
EXP,15102010
EXPD,20301010
EXPE,25502020
EXPI,60102040
EXPO,20202020
EXPR,25504010
EXR,60101080
EXTN,10101020
EXTR,45201020
EYE,25504040
EYPT,35202010
EZPW,40202010
F,25102010
FAF,40301040
FANG,10102020
FARM,30202030
FARO,45203010
FAST,20107010
FATE,35201010
FB,50203010
FBC,40102010
FBHS,20102010
FBIZ,40101015
FBK,40101015
FBM,20107010
FBMS,40101015
FBNC,40101015
FBP,40101015
FC,20202020
FCAP,40101015
FCBC,40101015
FCBP,40101015
FCCY,40101015
FCF,40101015
FCFS,40202010
FCN,20202020
FCNCA,40101015
FCPT,60101080
FCX,15104025
FDBC,40101015
FDEF,40102010
FDP,30202010
FDS,40203040
FDX,20301010
FE,55101010
FELE,20106020
FET,10101020
FEYE,45103020
FF,15101050
FFBC,40101015
FFG,40301020
FFIC,40101015
FFIN,40101015
FFIV,45201020
FFNW,40101015
FFWM,40101015
FG,40201020
FGBI,40101015
FGEN,35201010
FHB,40101015
FHI,40203010
FHN,40101015
FI,10101020
FIBK,40101015
FICO,45103010
FIS,45102020
FISI,40101015
FISV,45102020
FIT,45203010
FITB,40101015
FIVE,25504040
FIVN,45103010
FIX,20103010
FIXX,35201010
FIZZ,30201030
FL,25504010
FLDM,35203010
FLIC,40101015
FLIR,45203010
FLMN,10102020
FLNT,50201010
FLO,30202030
FLOW,20106020
FLR,20103010
FLS,20106020
FLT,45102020
FLWS,25502020
FLXN,35201010
FLXS,25201020
FMAO,40101015
FMBH,40101015
FMBI,40101015
FMC,15101030
FMNB,40101015
FN,45203020
FNB,40101015
FNCB,40101015
FND,25504030
FNF,40301040
FNHC,40301040
FNKO,25501010
FNLC,40101015
FNWB,40101015
FOCS,40203010
FOE,15101050
FOLD,35201010
FOR,60102030
FORM,45301010
FORR,20202020
FOSL,25203010
FOX,50201020
FOXA,50201020
FOXF,25101010
FPI,60101080
FPRX,35201010
FR,60101020
FRAF,40101015
FRBA,40101015
FRBK,40101015
FRC,40101015
FREQ,35201010
FRGI,25301040
FRME,40101015
FRPH,60102020
FRPT,30202030
FRT,60101070
FRTA,15102010
FSB,40101015
FSBW,40102010
FSCT,45103020
FSLR,45301020
FSP,60101040
FSS,20106010
FSTR,20106020
FTDR,25302020
FTK,15101050
FTNT,45103020
FTSI,10101020
FTV,20106020
FUL,15101050
FULC,35202010
FULT,40101015
FVCB,40101015
FWONA,50202010
FWONK,50202010
FWRD,20301010
G,45102020
GABC,40101015
GAIA,50202010
GALT,35201010
GATX,20107010
GBCI,40101015
GBL,40203010
GBLI,40301040
GBT,35201010
GBX,20106010
GCAP,40203020
GCBC,40102010
GCI,50201040
GCO,25504010
GCP,15101050
GD,20101010
GDDY,45102030
GDEN,25301010
GDOT,40202010
GDP,10102020
GE,20105010
GEF,15103010
GEF/B,15103010
GEN,35102020
GENC,20106020
GEO,60101080
GEOS,10101020
GERN,35201010
GES,25504010
GFF,20102010
GFN,20107010
GGG,20106020
GH,35102015
GHC,25302010
GHL,40203020
GHM,20106020
GIII,25203010
GILD,35201010
GIS,30202030
GKOS,35101010
GL,40301020
GLDD,20103010
GLIBA,50101010
GLNG,10102040
GLOG,10102040
GLPI,60101080
GLRE,40301050
GLT,15105020
GLUU,50202020
GLW,45203015
GLYC,35201010
GM,25102010
GME,25504020
GMED,35101010
GMRE,60101050
GMS,20107010
GNC,25504040
GNE,55101010
GNK,20303010
GNL,60101010
GNLN,25501010
GNMK,35101010
GNRC,20104010
GNTX,25101010
GNTY,40101015
GNW,40301020
GO,30101030
GOGO,50102010
GOLF,25202010
GOOD,60101010
GOOG,50203010
GOOGL,50203010
GORO,15104030
GOSS,35201010
GPC,25501010
GPI,25504050
GPK,15103020
GPMT,40204010
GPN,45102020
GPOR,10102020
GPRE,10102030
GPRO,25201010
GPS,25504010
GPX,20202010
GRA,15101050
GRBK,25201030
GRC,20106020
GRIF,60102020
GRMN,25201010
GRPN,25502020
GRTS,35201010
GRTX,35201010
GRUB,25502020
GS,40203020
GSBC,40101015
GSHD,40301010
GSIT,45301020
GT,25101020
GTES,20106020
GTHX,35201010
GTLS,20106020
GTN,50201020
GTS,35102030
GTT,45102030
GTY,60101070
GTYH,45103010
GVA,20103010
GWB,40101015
GWGH,40201040
GWRE,45103010
GWRS,55104010
GWW,20107010
H,25301020
HA,20302010
HAE,35101020
HAFC,40101015
HAIN,30202030
HAL,10101020
HALL,40301040
HALO,35201010
HARP,35201010
HAS,25202010
HASI,60101020
HAYN,15104050
HBAN,40101015
HBB,25201040
HBCP,40102010
HBI,25203010
HBMD,40101015
HBNC,40101015
HBT,40101015
HCA,35102020
HCAT,35103010
HCC,15104050
HCCI,20201050
HCI,40301040
HCKT,45102010
HCSG,20201070
HD,25504030
HDS,20107010
HE,55101010
HEES,20107010
HEI,20101010
HEI/A,20101010
HELE,25201040
HES,10102020
HFC,10102030
HFFG,30101020
HFWA,40101015
HGV,25301020
HHC,60102030
HI,20106020
HIBB,25504040
HIFS,40102010
HIG,40301030
HII,20101010
HIW,60101040
HL,15104045
HLF,30302010
HLI,40203020
HLIO,20106020
HLIT,45201020
HLNE,40203010
HLT,25301020
HLX,10101020
HMHC,25302010
HMN,40301030
HMST,40102010
HMSY,35103010
HMTV,50201020
HNGR,35102020
HNI,20201060
HNRG,10102050
HOFT,25201020
HOG,25102020
HOLX,35101010
HOMB,40101015
HOME,25504060
HON,20105010
HONE,40101015
HOOK,35201010
HOPE,40101015
HP,10101010
HPE,45202030
HPP,60101040
HPQ,45202030
HPR,10102020
HQY,35102030
HR,60101050
HRB,25302020
HRC,35101010
HRI,20107010
HRL,30202030
HRTG,40301040
HRTX,35201010
HSC,20201050
HSIC,35102010
HSII,20202010
HSKA,35101010
HST,60101030
HSTM,35103010
HSY,30202030
HT,60101030
HTA,60101050
HTBI,40101015
HTBK,40101015
HTH,40101015
HTLD,20304020
HTLF,40101015
HTZ,20304020
HUBB,20104010
HUBG,20301010
HUBS,45103010
HUD,25504040
HUM,35102030
HUN,15101020
HURC,20106020
HURN,20202020
HVT,25504060
HWBK,40101015
HWC,40101015
HWKN,15101010
HWM,20101010
HXL,20101010
HY,20106020
HZNP,35202010
HZO,25504040
IAA,20201070
IAC,50203010
IART,35101010
IBCP,40101015
IBKC,40101015
IBKR,40203020
IBM,45102010
IBOC,40101015
IBP,25201030
IBTX,40101015
ICD,10101010
ICE,40203040
ICFI,20202020
ICHR,45301010
ICPT,35201010
ICUI,35101020
IDA,55101010
IDCC,45201020
IDEX,45103010
IDT,50101020
IDXX,35101010
IESC,20103010
IEX,20106020
IFF,15101050
IGMS,35201010
IGT,25301010
IHC,40301020
III,45102010
IIIN,20102010
IIIV,45102020
IIN,35101010
IIPR,60101020
IIVI,45203015
ILMN,35203010
ILPT,60101020
IMAX,50202010
IMGN,35201010
IMKTA,30101030
IMMR,45202030
IMMU,35201010
IMXI,45102020
INBK,40101015
INCY,35201010
INDB,40101015
INFN,45201020
INFO,20202020
INGN,35101010
INGR,30202010
INN,60101030
INO,35201010
INOV,35103010
INS,45103010
INSE,25301010
INSG,45201020
INSM,35201010
INSP,35103010
INSW,10102040
INT,10102030
INTC,45301020
INTL,40203020
INTU,45103010
INVA,35202010
INVH,60101060
INWK,20202020
IONS,35201010
IOSP,15101050
IOTS,45301020
IOVA,35201010
IP,15103020
IPAR,30302010
IPG,50201010
IPGP,45203020
IPHI,45301020
IPI,15101030
IQV,35203010
IR,20106020
IRBT,25201040
IRDM,50101010
IRET,60101060
IRM,60101080
IRMD,35101010
IRT,60101060
IRTC,35101010
IRWD,35201010
ISBC,40101015
ISRG,35101010
ISTR,40101015
IT,45102010
ITCI,35202010
ITGR,35101010
ITI,45203010
ITIC,40301040
ITRI,45203010
ITT,20106020
ITW,20106020
IVC,35101010
IVR,40204010
IVZ,40203010
J,20103010
JACK,25301040
JAX,25301040
JAZZ,35202010
JBGS,60101040
JBHT,20304020
JBL,45203020
JBLU,20302010
JBSS,30202030
JBT,20106020
JCAP,60101080
JCI,20102010
JCOM,45103010
JEF,40201030
JELD,20102010
JHG,40203010
JILL,25504010
JJSF,30202030
JKHY,45102020
JLL,60102040
JNCE,35201010
JNJ,35202010
JNPR,45201020
JOE,60102010
JOUT,25202010
JPM,40101010
JRVR,40301040
JW/A,50201040
JWN,25503010
JYNT,35102020
K,30202030
KAI,20106020
KALA,35202010
KALU,15104010
KALV,35201010
KAMN,20107010
KAR,20201070
KBAL,20201060
KBH,25201030
KBR,45102010
KDMN,35201010
KDP,30201030
KE,45203020
KELYA,20202010
KEM,45203020
KEX,20303010
KEY,40101015
KEYS,45203010
KFRC,20202010
KFY,20202010
KHC,30202030
KIDS,35101020
KIM,60101070
KIN,35201010
KLAC,45301010
KLDO,35202010
KLXE,10101020
KMB,30301010
KMI,10102040
KMPR,40301040
KMT,20106020
KMX,25504050
KN,45203015
KNL,20201060
KNSA,35201010
KNSL,40301040
KNX,20304020
KO,30201030
KOD,35201010
KOP,15101010
KOS,10102020
KPTI,35201010
KR,30101030
KRA,15101050
KRC,60101040
KREF,40204010
KRG,60101070
KRNY,40102010
KRO,15101010
KRTX,35201010
KRUS,25301040
KRYS,35201010
KSS,25503010
KSU,20304010
KTB,25203010
KTOS,20101010
KURA,35201010
KVHI,45201020
KW,60102020
KWR,15101050
KZR,35201010
L,40301040
LAD,25504050
LADR,40204010
LAMR,60101080
LANC,30202030
LAND,60101080
LASR,45203010
LAUR,25302010
LAWS,20107010
LAZ,40203020
LB,25504010
LBAI,40101015
LBC,40102010
LBRDA,50201030
LBRDK,50201030
LBRT,10101020
LC,40202010
LCI,35202010
LCII,25101010
LCNB,40101015
LCTX,35201010
LCUT,25201050
LDL,20106020
LDOS,45102010
LE,25502020
LEA,25101010
LEAF,25502020
LECO,20106020
LEE,50201040
LEG,25201020
LEGH,25201030
LEN,25201030
LEN/B,25201030
LEVL,40101015
LFUS,45203015
LFVN,30302010
LGF/A,50202010
LGF/B,50202010
LGIH,25201030
LGND,35201010
LH,35102015
LHCG,35102015
LHX,20101010
LII,20102010
LILA,50201030
LILAK,50201030
LIN,15101040
LIND,25301020
LITE,45201020
LIVN,35101010
LIVX,50202010
LJPC,35201010
LKFN,40101015
LKQ,25501010
LL,25504030
LLNW,45102030
LLY,35202010
LM,40203010
LMAT,35101010
LMNR,30202010
LMNX,35203010
LMT,20101010
LNC,40301020
LNDC,30202030
LNG,10102040
LNN,20106015
LNT,55101010
LNTH,35101020
LOB,40101015
LOCO,25301040
LOGC,35201010
LOGM,45103010
LOPE,25302010
LORL,50201030
LOVE,25201020
LOW,25504030
LPG,10102040
LPI,10102020
LPLA,40203020
LPSN,45103010
LPX,15105010
LQDA,35202010
LQDT,25502020
LRCX,45301010
LRN,25302010
LSCC,45301020
LSI,60101080
LSTR,20304020
LSXMA,50201030
LSXMK,50201030
LTC,60101050
LTHM,15101050
LTRPA,50203010
LULU,25203010
LUV,20302010
LVGO,35103010
LVS,25301010
LW,30202030
LXFR,20106020
LXP,60101020
LXRX,35201010
LXU,15101020
LYB,15101010
LYFT,20304020
LYV,50202010
LZB,25201020
M,25503010
MA,45102020
MAA,60101060
MAC,60101070
MAN,20202010
MANH,45103010
MANT,45102010
MAR,25301020
MAS,20102010
MASI,35101010
MAT,25202010
MATW,20201070
MATX,20303010
MAXR,20101010
MBI,40301040
MBII,15101030
MBIN,40102010
MBIO,35201010
MBUU,25202010
MBWM,40101015
MC,40203020
MCB,40101015
MCBC,40101015
MCBS,40101015
MCD,25301040
MCFT,25202010
MCHP,45301020
MCHX,50201010
MCK,35102010
MCO,40203040
MCRB,35201010
MCRI,25301010
MCS,50202010
MCY,40301040
MD,35102015
MDB,45102030
MDC,25201030
MDCA,50201010
MDGL,35201010
MDLA,45103010
MDLZ,30202030
MDP,50201040
MDRX,35103010
MDT,35101010
MDU,55103010
MEC,20106020
MED,30302010
MEDP,35203010
MEET,50203010
MEI,45203020
MEIP,35201010
MESA,20302010
MET,40301020
METC,15104050
MFA,40204010
MFIN,40202010
MFNC,40101015
MG,20202020
MGEE,55101010
MGLN,35102030
MGM,25301010
MGNX,35201010
MGPI,30201020
MGRC,20201070
MGTA,35201010
MGTX,35201010
MGY,10102020
MHK,25201020
MHO,25201030
MIC,20305010
MIDD,20106020
MIK,25504040
MINI,20201070
MIRM,35201010
MITK,45103010
MITT,40204010
MJCO,45103010
MKC,30202030
MKL,40301040
MKSI,45301010
MKTX,40203040
MLAB,35101010
MLHR,20201060
MLI,20106020
MLM,15102010
MLND,35201010
MLP,60102030
MLR,20106010
MLVF,40101015
MMAC,40102010
MMC,40301010
MMI,60102040
MMM,20105010
MMS,45102020
MMSI,35101020
MNK,35202010
MNKD,35201010
MNLO,35202010
MNOV,35201010
MNR,60101020
MNRL,10102020
MNRO,25504050
MNSB,40101015
MNST,30201030
MNTA,35201010
MO,30203010
MOBL,45103010
MOD,25101010
MODN,45103010
MOFG,40101015
MOG/A,20101010
MOH,35102030
MORF,35201010
MORN,40203040
MOS,15101030
MOV,25203010
MPAA,25101010
MPB,40101015
MPC,10102030
MPW,60101050
MPWR,45301020
MPX,25202010
MR,10102020
MRC,20107010
MRCY,20101010
MRK,35202010
MRKR,35201010
MRLN,40201040
MRNA,35201010
MRNS,35202010
MRO,10102020
MRSN,35201010
MRTN,20304020
MRTX,35201010
MRVL,45301020
MS,40203020
MSA,20201060
MSBI,40101015
MSCI,40203040
MSEX,55104010
MSFT,45103020
MSGE,50202010
MSGN,50201030
MSGS,50202010
MSI,45201020
MSM,20107010
MSON,35101010
MSTR,45103010
MTB,40101015
MTCH,50203010
MTD,35203010
MTDR,10102020
MTEM,35201010
MTG,40102010
MTH,25201030
MTN,25301030
MTOR,20106010
MTRN,15104020
MTRX,10101020
MTSC,45203010
MTSI,45301020
MTW,20106010
MTX,15101050
MTZ,20103010
MU,45301020
MUR,10102020
MUSA,25504050
MVBF,40101015
MWA,20106020
MXIM,45301020
MXL,45301020
MYE,15103010
MYGN,35201010
MYL,35202010
MYOK,35202010
MYRG,20103010
NAT,10102040
NATH,25301040
NATI,45203010
NATR,30302010
NAV,20106010
NAVI,40202010
NBEV,30201030
NBHC,40101015
NBIX,35201010
NBL,10102020
NBN,40101015
NBR,10101010
NBTB,40101015
NC,10102050
NCBS,40101015
NCLH,25301020
NCMI,50201010
NCR,45202030
NCSM,10101020
NDAQ,40203040
NDLS,25301040
NDSN,20106020
NE,10101010
NEE,55101010
NEM,15104030
NEO,35203010
NEOG,35101020
NERV,35201010
NESR,10101020
NEU,15101050
NEWR,45103010
NEX,10101020
NEXT,10102040
NFBK,40102010
NFG,55102010
NFLX,50202010
NG,15104030
NGHC,40301030
NGM,35202010
NGS,10101020
NGVC,30101030
NGVT,15101050
NHC,35102020
NHI,60101050
NI,55103010
NINE,10101020
NJR,55102010
NKE,25203020
NKSH,40101015
NKTR,35202010
NL,20201060
NLOK,45103020
NLSN,20202020
NLY,40204010
NMIH,40102010
NMRK,60102040
NNBR,20106020
NNI,40202010
NNN,60101070
NOC,20101010
NODK,40301040
NOG,10102020
NOV,10101020
NOVA,55105020
NOVT,45203010
NOW,45103020
NP,15105020
NPK,20101010
NPO,20106020
NPTN,45301020
NR,10101020
NRC,35102015
NRG,55101010
NRIM,40101015
NRZ,40204010
NSA,60101080
NSC,20304010
NSIT,45203030
NSP,20202010
NSSC,45203010
NSTG,35203010
NTAP,45202030
NTB,40101010
NTCT,45201020
NTGR,45201020
NTLA,35201010
NTNX,45103010
NTRA,35201010
NTRS,40203010
NTUS,35101010
NUAN,45103010
NUE,15104050
NUS,30302010
NUVA,35101010
NVAX,35201010
NVCR,35101010
NVDA,45301020
NVEC,45301020
NVEE,20103010
NVR,25201030
NVRO,35101010
NVST,35101010
NVT,20104010
NVTA,35201010
NWBI,40102010
NWE,55103010
NWFL,40101015
NWL,25201050
NWLI,40301020
NWN,55102010
NWPX,20103010
NWS,50201040
NWSA,50201040
NX,20102010
NXGN,35103010
NXRT,60101060
NXST,50201020
NXTC,35201010
NYCB,40102010
NYMT,40204010
NYT,50201040
O,60101070
OAS,10102020
OBNK,40101015
OC,20102010
OCFC,40101015
OCN,40102010
OCUL,35202010
OCX,35201010
ODC,30301010
ODFL,20304020
ODP,25504040
ODT,35202010
OEC,15101010
OFC,60101040
OFG,40101015
OFIX,35101010
OFLX,20106020
OGE,55101010
OGS,55102010
OHI,60101050
OI,15103010
OII,10101020
OIS,10101020
OKE,10102040
OKTA,45102030
OLED,45301020
OLLI,25503020
OLN,15101010
OLP,60101010
OMC,50201010
OMCL,35103010
OMER,35202010
OMF,40202010
OMI,35102010
ON,45301020
ONB,40101015
ONDK,40201040
ONEM,35102015
ONEW,25504050
ONTO,45301010
OOMA,50101020
OPB,40101015
OPBK,40102010
OPCH,35102015
OPI,60101040
OPK,35201010
OPRT,40202010
OPRX,35103010
OPTN,35202010
OPY,40203020
ORA,55105020
ORBC,50101010
ORC,40204010
ORCL,45103020
ORGO,35201010
ORI,40301040
ORLY,25504050
ORRF,40101015
OSBC,40101015
OSG,10102040
OSIS,45203010
OSK,20106010
OSMT,35202010
OSPN,45103020
OSTK,25502020
OSUR,35101020
OSW,25302020
OTIS,20106020
OTTR,55101010
OUT,60101080
OVBC,40101015
OVLY,40101015
OXM,25203010
OXY,10102010
OYST,35201010
OZK,40101015
PACB,35203010
PACD,10101010
PACW,40101015
PAG,25504050
PAHC,35202010
PANW,45103020
PAR,45203010
PARR,10102030
PATK,20102010
PAYC,45103010
PAYS,45102020
PAYX,45102020
PB,40101015
PBCT,40101015
PBF,10102030
PBFS,40102010
PBH,35202010
PBI,20201060
PBIP,40102010
PBPB,25301040
PBYI,35201010
PCAR,20106010
PCB,40101015
PCG,55101010
PCH,60101080
PCRX,35202010
PCSB,40102010
PCTY,45103010
PCYO,55104010
PD,45103010
PDCE,10102020
PDCO,35102010
PDFS,45301010
PDLB,40102010
PDLI,35201010
PDM,60101040
PE,10102020
PEAK,60101050
PEB,60101030
PEBK,40101015
PEBO,40101015
PEG,55103010
PEGA,45103010
PEI,60101070
PEN,35101010
PENN,25301010
PEP,30201030
PETQ,35102010
PETS,25502020
PFBC,40101015
PFBI,40101015
PFE,35202010
PFG,40301020
PFGC,30101020
PFHD,40101015
PFIS,40101015
PFNX,35201010
PFPT,45103020
PFS,40102010
PFSI,40102010
PG,30301010
PGC,40101015
PGEN,35201010
PGNX,35201010
PGNY,35102030
PGR,40301040
PGRE,60101040
PGTI,20102010
PH,20106020
PHAS,35201010
PHAT,35202010
PHM,25201030
PHR,35103010
PHUN,45103010
PHX,10102020
PI,45301020
PICO,20201050
PII,25202010
PINC,35102015
PING,45103020
PIPR,40203020
PIRS,35201010
PJT,40203020
PK,60101030
PKBK,40101015
PKE,20101010
PKG,15103020
PKI,35203010
PKOH,20106020
PLAB,45301010
PLAN,45103010
PLAY,25301040
PLCE,25504010
PLD,60101020
PLMR,40301040
PLNT,25301030
PLOW,20106010
PLPC,20104010
PLSE,35101010
PLT,45201020
PLUG,20104010
PLUS,45203030
PLXS,45203020
PM,30203010
PMBC,40101015
PMT,40204010
PNC,40101015
PNFP,40101015
PNM,55101010
PNR,20106020
PNRG,10102020
PNTG,35102020
PNW,55101010
PODD,35101010
POL,15101050
POOL,25501010
POR,55101010
POST,30202030
POWI,45301020
POWL,20104010
PPBI,40101015
PPC,30202030
PPD,35203010
PPG,15101050
PPL,55101010
PQG,15101050
PRA,40301040
PRAA,40202010
PRAH,35203010
PRDO,25302010
PRFT,45102010
PRGO,35202010
PRGS,45103020
PRGX,45102020
PRI,40301020
PRIM,20103010
PRK,40101015
PRLB,20106020
PRNB,35201010
PRO,45103010
PROS,40301040
PROV,40102010
PRPL,25201020
PRSC,35102015
PRSP,45102010
PRTA,35201010
PRTH,45102020
PRTK,35202010
PRTY,25504040
PRU,40301020
PRVL,35201010
PS,45103010
PSA,60101080
PSB,60101010
PSMT,30101040
PSN,20101010
PSNL,35203010
PSTG,45202030
PSX,10102030
PTC,45103010
PTCT,35201010
PTE,35201010
PTEN,10101010
PTGX,35201010
PTLA,35201010
PTN,35201010
PTSI,20304020
PTVCB,40301040
PUB,40101015
PUMP,10101020
PVAC,10102020
PVBC,40102010
PVH,25203010
PWOD,40101015
PWR,20103010
PXD,10102020
PYPL,45102020
PYX,30203010
PZN,40203010
PZZA,25301040
QADA,45103010
QCOM,45301020
QCRH,40101015
QDEL,35101020
QEP,10102020
QGEN,35203010
QLYS,45103020
QNST,50203010
QRTEA,25502020
QRVO,45301020
QTRX,35203010
QTS,60101080
QTWO,45103010
QUAD,20201010
QUOT,25502020
R,20304020
RAD,30101010
RAMP,45102010
RAPT,35201010
RARE,35201010
RAVN,20105010
RBB,40101015
RBBN,45201020
RBC,20104010
RBCAA,40101015
RBNC,40101015
RC,40204010
RCII,25504020
RCKT,35201010
RCKY,25203020
RCL,25301020
RCM,35102015
RCUS,35201010
RDFN,60102040
RDI,50202010
RDN,40102010
RDNT,35102015
RDUS,35201010
RE,40301050
REAL,25502020
REG,60101070
REGI,10102030
REGN,35201010
REI,10102020
REPH,35202010
REPL,35201010
RES,10101020
RESI,60101060
RETA,35202010
REV,30302010
REVG,20106010
REX,10102030
REXR,60101020
REYN,30301010
REZI,20102010
RF,40101015
RFL,60102020
RGA,40301050
RGCO,55102010
RGEN,35203010
RGLD,15104030
RGNX,35201010
RGP,20202020
RGR,25202010
RGS,25302020
RH,25504060
RHI,20202010
RHP,60101030
RICK,25301030
RIG,10101010
RIGL,35201010
RILY,40203020
RJF,40203020
RL,25203010
RLGT,20301010
RLGY,60102040
RLH,25301020
RLI,40301040
RLJ,60101030
RM,40202010
RMAX,60102040
RMBI,40101015
RMBS,45301020
RMD,35101010
RMNI,45103010
RMR,60102010
RMTI,35101020
RNET,10101020
RNG,45103010
RNR,40301050
RNST,40101015
ROAD,20103010
ROCK,20102010
ROG,45203015
ROIC,60101070
ROK,20104010
ROKU,50202010
ROL,20201050
ROLL,20106020
ROP,20105010
ROSE,10102020
ROST,25504010
RP,45103010
RPAI,60101070
RPD,45103020
RPM,15101050
RPT,60101070
RRBI,40101015
RRC,10102020
RRD,20201010
RRGB,25301040
RRR,25301010
RS,15104050
RSG,20201050
RST,45103010
RTIX,35101020
RTRX,35201010
RTW,25504010
RTX,20101010
RUBI,25502020
RUBY,35201010
RUN,20104010
RUSHA,20107010
RUSHB,20107010
RUTH,25301040
RVI,60101070
RVMD,35201010
RVNC,35202010
RVSB,40102010
RWT,40204010
RXN,20106020
RYAM,15101050
RYI,15104050
RYN,60101080
RYTM,35201010
SABR,45102020
SAFE,60101080
SAFM,30202030
SAFT,40301040
SAGE,35201010
SAH,25504050
SAIA,20304020
SAIC,45102010
SAIL,45103020
SALT,20303010
SAM,30201010
SAMG,40203010
SANM,45203020
SASR,40101015
SATS,45201020
SAVE,20302010
SB,20303010
SBAC,60101080
SBBP,35202010
SBBX,40101015
SBCF,40101015
SBGI,50201020
SBH,25504040
SBNY,40101015
SBOW,10102020
SBRA,60101050
SBSI,40101015
SBT,40102010
SBUX,25301040
SC,40202010
SCCO,15104025
SCHL,50201040
SCHN,15104050
SCHW,40203020
SCI,25302020
SCL,15101050
SCOR,50201010
SCS,20201060
SCSC,45203030
SCU,40203010
SCVL,25504010
SCWX,45103020
SD,10102020
SDGR,35103010
SDRL,10101010
SEAS,25301030
SEB,30202030
SEE,15103020
SEIC,40203010
SEM,35102020
SENEA,30202030
SENS,35101020
SERV,25302020
SF,40203020
SFBS,40101015
SFE,40203010
SFIX,25502020
SFL,10102040
SFM,30101030
SFNC,40101015
SFST,40101015
SGA,50201020
SGC,25203010
SGEN,35201010
SGH,45301020
SGMO,35201010
SGMS,25301010
SGRY,35102020
SHAK,25301040
SHBI,40101015
SHEN,50102010
SHO,60101030
SHOO,25203020
SHSP,45103010
SHW,15101050
SI,40101015
SIBN,35101020
SIC,25302020
SIEB,40203020
SIEN,35101020
SIG,25504040
SIGA,35202010
SIGI,40301040
SILK,35101020
SIRI,50201030
SITC,60101070
SITE,20107010
SITM,45301020
SIVB,40101015
SIX,25301030
SJI,55102010
SJM,30202030
SJW,55104010
SKT,60101070
SKX,25203020
SKY,25201030
SKYW,20302010
SLAB,45301020
SLB,10101020
SLCA,10101020
SLCT,40101015
SLDB,35201010
SLG,60101040
SLGN,15103010
SLM,40202010
SLP,35103010
SM,10102020
SMAR,45103010
SMBC,40102010
SMBK,40101015
SMG,15101030
SMHI,10101020
SMMF,40101015
SMP,25101010
SMPL,30202030
SMTC,45301020
SNA,20106020
SNBR,25504060
SNCR,45103010
SND,10101020
SNDR,20304020
SNDX,35201010
SNPS,45103010
SNR,60101050
SNV,40101015
SNX,45203030
SO,55101010
SOI,10101020
SOLY,35101010
SON,15103020
SONA,40101015
SONM,45202030
SONO,25201010
SP,20201050
SPAR,20106010
SPB,30301010
SPFI,40101015
SPG,60101070
SPGI,40203040
SPKE,55101010
SPLK,45103010
SPNE,35101010
SPOK,50102010
SPOT,50202010
SPPI,35201010
SPR,20101010
SPRO,35201010
SPSC,45103010
SPT,45103010
SPTN,30101020
SPWH,25504040
SPWR,45301020
SPXC,20106020
SQ,45102020
SR,55102010
SRC,60101070
SRCE,40101015
SRCL,20201050
SRDX,35101010
SRE,55103010
SRG,60101070
SRI,25101010
SRNE,35201010
SRPT,35201010
SRRK,35201010
SRT,45102020
SSB,40101015
SSD,20102010
SSNC,45103010
SSP,50201020
SSTI,45103010
SSTK,25502020
SSYS,45202030
ST,20104010
STAA,35101020
STAG,60101020
STAR,60101010
STAY,25301020
STBA,40101015
STC,40301040
STE,35101010
STFC,40301040
STIM,35101010
STL,40101015
STLD,15104050
STML,35201010
STMP,25502020
STNG,10102040
STOK,35201010
STOR,60101010
STRA,25302010
STRL,20103010
STRO,35201010
STRS,60102030
STSA,35202010
STT,40203010
STWD,40204010
STXB,40101015
STZ,30201020
SUI,60101060
SUM,15102010
SUPN,35202010
SVC,60101030
SVMK,45103010
SVRA,35201010
SWAV,35101010
SWCH,45102030
SWI,45103020
SWK,20106020
SWKS,45301020
SWM,15105020
SWN,10102020
SWTX,35201010
SWX,55102010
SXC,15104050
SXI,20106020
SXT,15101050
SYBT,40101015
SYBX,35201010
SYF,40202010
SYK,35101010
SYKE,45102020
SYNA,45301020
SYNH,35203010
SYNL,15104050
SYRS,35201010
SYX,20107010
SYY,30101020
T,50101020
TACO,25301040
TALO,10102020
TAP,30201010
TAST,25301040
TBBK,40101015
TBI,20202010
TBIO,35201010
TBK,40101015
TBNK,40102010
TBPH,35202010
TCBI,40101015
TCBK,40101015
TCDA,35202010
TCF,40101015
TCFC,40101015
TCI,60102020
TCMD,35101010
TCO,60101070
TCRR,35201010
TCS,25504040
TCX,45102030
TDC,45103020
TDG,20101010
TDOC,35103010
TDS,50102010
TDW,10101020
TDY,20101010
TEAM,45103010
TECD,45203030
TECH,35203010
TELL,10102020
TEN,25101010
TENB,45103020
TER,45301010
TERP,55105020
TESS,45201020
TEUM,45103010
TEX,20106010
TFC,40101015
TFSL,40102010
TFX,35101010
TG,15101010
TGH,20107010
TGI,20101010
TGNA,50201020
TGT,25503020
TGTX,35201010
TH,25301020
THC,35102020
THFF,40101015
THG,40301040
THO,25102010
THR,20104010
THRM,25101010
THS,30202030
TIF,25504040
TILE,20201060
TIPT,40301040
TISI,20201050
TITN,20107010
TIVO,45103020
TJX,25504010
TK,10102040
TKR,20106020
TLRD,25504010
TLYS,25504010
TMDX,35101010
TMHC,25201030
TMO,35203010
TMP,40101015
TMST,15104050
TMUS,50102010
TNAV,45103010
TNC,20106020
TNDM,35101010
TNET,20202010
TNK,10102040
TOCA,35201010
TOL,25201030
TORC,35202010
TOWN,40101015
TPB,30203010
TPC,20103010
TPCO,50201040
TPH,25201030
TPIC,20104020
TPR,25203010
TPRE,40301050
TPTX,35201010
TPX,25201020
TR,30202030
TRC,60102010
TREC,15101010
TREE,40202010
TREX,20102010
TRGP,10102040
TRHC,35103010
TRIP,50203010
TRMB,45203010
TRMK,40101015
TRN,20106010
TRNO,60101020
TRNS,20107010
TROW,40203010
TROX,15101010
TRS,20106020
TRST,40102010
TRTN,20107010
TRTX,40204010
TRU,20202020
TRUE,50203010
TRUP,40301020
TRV,40301040
TRWH,25301010
TRXC,35101010
TSBK,40102010
TSC,40101015
TSCO,25504040
TSE,15101010
TSLA,25102010
TSN,30202030
TT,20102010
TTC,20106015
TTD,45103010
TTEC,45102020
TTEK,20201050
TTGT,50201010
TTI,10101020
TTMI,45203020
TTWO,50202020
TUP,25201050
TUSK,10101020
TVTY,35102015
TWI,20106015
TWIN,20106010
TWLO,45102030
TWNK,30202030
TWO,40204010
TWOU,45103010
TWST,35201010
TWTR,50203010
TXMD,35202010
TXN,45301020
TXRH,25301040
TXT,20101010
TYL,45103010
TYME,35201010
TZOO,50203010
UA,25203010
UAA,25203010
UAL,20302010
UBA,60101070
UBER,20304020
UBFO,40101015
UBSI,40101015
UBX,35201010
UCBI,40101015
UCTT,45301010
UDR,60101060
UE,60101070
UEC,10102050
UEIC,25201010
UFCS,40301040
UFI,25203030
UFPI,20102010
UFPT,15103020
UFS,15105020
UGI,55102010
UHAL,20304020
UHS,35102020
UHT,60101050
UI,45201020
UIHC,40301040
UIS,45102010
ULH,20304020
ULTA,25504040
UMBF,40101015
UMH,60101060
UMPQ,40101015
UNB,40101015
UNF,20201070
UNFI,30101020
UNH,35102030
UNIT,60101080
UNM,40301020
UNP,20304010
UNT,10102010
UNTY,40101015
UNVR,20107010
UPLD,45103010
UPS,20301010
UPWK,20202010
URBN,25504010
URGN,35201010
URI,20107010
USB,40101010
USCR,15102010
USFD,30101020
USLM,15102010
USM,50102010
USNA,30302010
USPH,35102020
USWS,10101010
USX,20304020
UTHR,35201010
UTL,55103010
UTMD,35101020
UUUU,10102050
UVE,40301040
UVSP,40101015
UVV,30203010
V,45102020
VAC,25301020
VALU,40203040
VAPO,35101010
VAR,35101010
VBIV,35201010
VBTX,40101015
VC,25101010
VCEL,35201010
VCRA,35103010
VCYT,35201010
VEC,20101010
VECO,45301010
VEEV,35103010
VEL,40102010
VER,60101010
VFC,25203010
VG,50101010
VGR,30203010
VHC,45103010
VHI,15101050
VIAC,50201020
VIACA,50201020
VIAV,45201020
VICI,60101080
VICR,20104010
VIE,35201010
VIR,35201010
VIRT,40203020
VIVO,35101020
VKTX,35201010
VLGEA,30101030
VLO,10102030
VLY,40101015
VMC,15102010
VMI,20103010
VMW,45103020
VNCE,25203010
VNDA,35201010
VNO,60101040
VOYA,40201020
VPG,45203010
VRA,25203010
VRAY,35101010
VRCA,35202010
VREX,35101010
VRNS,45103020
VRNT,45103010
VRRM,45102020
VRS,15105020
VRSK,20202020
VRSN,45102030
VRTS,40203010
VRTU,45102010
VRTV,20107010
VRTX,35201010
VSAT,45201020
VSEC,20201070
VSH,45203015
VSLR,20104010
VST,55105010
VSTO,25202010
VTR,60101050
VVI,20201070
VVV,15101010
VYGR,35201010
VZ,50101020
W,25502020
WAB,20106010
WABC,40101015
WAFD,40102010
WAL,40101015
WASH,40101015
WAT,35203010
WATT,20104010
WBA,30101010
WBC,20106010
WBS,40101015
WBT,20106020
WCC,20107010
WD,40102010
WDAY,45103010
WDC,45202030
WDFC,30301010
WDR,40203010
WEC,55103010
WELL,60101050
WEN,25301040
WERN,20304020
WETF,40203010
WEX,45102020
WEYS,25501010
WFC,40101010
WGO,25102010
WH,25301020
WHD,10101020
WHG,40203010
WHR,25201040
WIFI,50102010
WINA,25504040
WING,25301040
WIRE,20104010
WK,45103010
WLDN,20202020
WLFC,20107010
WLK,15101010
WLL,10102020
WLTW,40301010
WM,20201050
WMB,10102040
WMC,40204010
WMGI,35101010
WMK,30101030
WMS,20102010
WMT,30101040
WNC,20106010
WNEB,40102010
WOR,15104050
WOW,50201030
WPC,60101010
WPG,60101070
WPX,10102020
WRB,40301040
WRE,60101010
WRI,60101070
WRK,15103020
WRLD,40202010
WRTC,45203010
WSBC,40101015
WSBF,40102010
WSC,20103010
WSFS,40102010
WSM,25504060
WSO,20107010
WSR,60101070
WST,35101020
WTBA,40101015
WTFC,40101015
WTI,10102020
WTM,40301040
WTRE,40301030
WTRG,55104010
WTRH,25502020
WTS,20106020
WTTR,10101020
WU,45102020
WVE,35202010
WW,25302020
WWD,20106020
WWE,50202010
WWW,25203020
WY,60101080
WYND,25301020
WYNN,25301010
X,15104050
XAN,40204010
XBIT,35201010
XEC,10102020
XEL,55101010
XELA,45102020
XENT,35202010
XERS,35202010
XFOR,35201010
XGN,35102015
XHR,60101030
XLNX,45301020
XLRN,35201010
XNCR,35201010
XOG,10102020
XOM,10102010
XPER,45301010
XPO,20301010
XRAY,35101020
XRX,45202030
XXII,30203010
XYL,20106020
Y,40301050
YCBD,35202010
YELP,50203010
YETI,25202010
YEXT,45103010
YGYI,30302010
YMAB,35201010
YORW,55104010
YRCW,20304020
YUM,25301040
YUMC,25301040
Z,50203010
ZAGG,25201010
ZBH,35101010
ZBRA,45203010
ZEN,45103010
ZEUS,15104050
ZG,50203010
ZGNX,35202010
ZION,40101015
ZIOP,35201010
ZIXI,45103010
ZNGA,50202020
ZS,45103020
ZTS,35202010
ZUMZ,25504010
ZUO,45103020
ZYNE,35202010
ZYXI,35101010
